trial_num,trial_type,looking_time_s,lab,subid,stimulus
-2,training,15.204,Kizito - Uganda,IDS_001,training
-1,training,15.588,Kizito - Uganda,IDS_001,training
1,IDS,16.24,Kizito - Uganda,IDS_001,IDS_1
2,ADS,15.469,Kizito - Uganda,IDS_001,ADS_1
3,IDS,5.936,Kizito - Uganda,IDS_001,IDS_2
4,ADS,2.066,Kizito - Uganda,IDS_001,ADS_2
5,ADS,14.377,Kizito - Uganda,IDS_001,ADS_3
6,IDS,7.848,Kizito - Uganda,IDS_001,IDS_3
7,IDS,11.921,Kizito - Uganda,IDS_001,IDS_4
8,ADS,12.202,Kizito - Uganda,IDS_001,ADS_4
9,ADS,10.316,Kizito - Uganda,IDS_001,ADS_5
10,IDS,5.571,Kizito - Uganda,IDS_001,IDS_5
11,ADS,14.295,Kizito - Uganda,IDS_001,ADS_6
12,IDS,5.521,Kizito - Uganda,IDS_001,IDS_6
13,IDS,6.818,Kizito - Uganda,IDS_001,IDS_7
14,ADS,3.153,Kizito - Uganda,IDS_001,ADS_7
-2,training,17.303,Kizito - Uganda,IDS_002,training
-1,training,15.762,Kizito - Uganda,IDS_002,training
1,IDS,17.216,Kizito - Uganda,IDS_002,IDS_1
2,ADS,15.828,Kizito - Uganda,IDS_002,ADS_1
3,IDS,9.802,Kizito - Uganda,IDS_002,IDS_2
4,ADS,5.731,Kizito - Uganda,IDS_002,ADS_2
5,ADS,10.128,Kizito - Uganda,IDS_002,ADS_3
6,IDS,5.77,Kizito - Uganda,IDS_002,IDS_3
7,IDS,3.659,Kizito - Uganda,IDS_002,IDS_4
8,ADS,1.724,Kizito - Uganda,IDS_002,ADS_4
9,ADS,4.561,Kizito - Uganda,IDS_002,ADS_5
-2,training,14.492,Kizito - Uganda,IDS_003,training
-1,training,13.77,Kizito - Uganda,IDS_003,training
1,IDS,6.364,Kizito - Uganda,IDS_003,IDS_1
2,ADS,6.972,Kizito - Uganda,IDS_003,ADS_1
3,IDS,7.34,Kizito - Uganda,IDS_003,IDS_2
4,ADS,6.675,Kizito - Uganda,IDS_003,ADS_2
5,ADS,10.845,Kizito - Uganda,IDS_003,ADS_3
6,IDS,10.758,Kizito - Uganda,IDS_003,IDS_3
7,IDS,7.475,Kizito - Uganda,IDS_003,IDS_4
8,ADS,7.499,Kizito - Uganda,IDS_003,ADS_4
9,ADS,7.08,Kizito - Uganda,IDS_003,ADS_5
10,IDS,3.848,Kizito - Uganda,IDS_003,IDS_5
11,ADS,5.442,Kizito - Uganda,IDS_003,ADS_6
12,IDS,3.83,Kizito - Uganda,IDS_003,IDS_6
13,IDS,4.921,Kizito - Uganda,IDS_003,IDS_7
14,ADS,3.456,Kizito - Uganda,IDS_003,ADS_7
-2,training,15.557,Kizito - Uganda,IDS_0040,training
-1,training,5.965,Kizito - Uganda,IDS_0040,training
1,ADS,5.824,Kizito - Uganda,IDS_0040,ADS_1
2,ADS,13.114,Kizito - Uganda,IDS_0040,ADS_2
3,ADS,5.722,Kizito - Uganda,IDS_0040,ADS_3
4,ADS,7.416,Kizito - Uganda,IDS_0040,ADS_4
5,ADS,11.041,Kizito - Uganda,IDS_0040,ADS_5
6,ADS,7.229,Kizito - Uganda,IDS_0040,ADS_6
7,ADS,7.214,Kizito - Uganda,IDS_0040,ADS_7
8,ADS,11.416,Kizito - Uganda,IDS_0040,ADS_8
9,IDS,3.389,Kizito - Uganda,IDS_0040,IDS_1
10,IDS,1.181,Kizito - Uganda,IDS_0040,IDS_2
11,IDS,3.732,Kizito - Uganda,IDS_0040,IDS_3
12,IDS,10.547,Kizito - Uganda,IDS_0040,IDS_4
13,IDS,4.33,Kizito - Uganda,IDS_0040,IDS_5
14,IDS,0.909,Kizito - Uganda,IDS_0040,IDS_6
-2,training,13.597,Kizito - Uganda,IDS_005,training
-1,training,7.085,Kizito - Uganda,IDS_005,training
1,IDS,12.616,Kizito - Uganda,IDS_005,IDS_1
2,ADS,12.664,Kizito - Uganda,IDS_005,ADS_1
3,IDS,7.246,Kizito - Uganda,IDS_005,IDS_2
4,ADS,8.148,Kizito - Uganda,IDS_005,ADS_2
5,ADS,5.069,Kizito - Uganda,IDS_005,ADS_3
6,IDS,13.331,Kizito - Uganda,IDS_005,IDS_3
7,IDS,8.539,Kizito - Uganda,IDS_005,IDS_4
8,ADS,2.061,Kizito - Uganda,IDS_005,ADS_4
9,ADS,15.376,Kizito - Uganda,IDS_005,ADS_5
10,IDS,12.651,Kizito - Uganda,IDS_005,IDS_5
11,ADS,1.31,Kizito - Uganda,IDS_005,ADS_6
12,IDS,2.072,Kizito - Uganda,IDS_005,IDS_6
13,IDS,5.542,Kizito - Uganda,IDS_005,IDS_7
14,ADS,2.508,Kizito - Uganda,IDS_005,ADS_7
15,ADS,4.465,Kizito - Uganda,IDS_005,ADS_8
-2,training,13.33,Kizito - Uganda,IDS_008,training
-1,training,16.204,Kizito - Uganda,IDS_008,training
1,IDS,17.633,Kizito - Uganda,IDS_008,IDS_1
2,ADS,14.139,Kizito - Uganda,IDS_008,ADS_1
3,IDS,5.062,Kizito - Uganda,IDS_008,IDS_2
4,ADS,13.102,Kizito - Uganda,IDS_008,ADS_2
5,ADS,6.256,Kizito - Uganda,IDS_008,ADS_3
6,IDS,6.461,Kizito - Uganda,IDS_008,IDS_3
7,IDS,6.021,Kizito - Uganda,IDS_008,IDS_4
8,ADS,2.643,Kizito - Uganda,IDS_008,ADS_4
9,ADS,7.669,Kizito - Uganda,IDS_008,ADS_5
10,IDS,3.725,Kizito - Uganda,IDS_008,IDS_5
11,ADS,8.009,Kizito - Uganda,IDS_008,ADS_6
12,IDS,11.63,Kizito - Uganda,IDS_008,IDS_6
13,IDS,10.3,Kizito - Uganda,IDS_008,IDS_7
-2,training,5.972,Kizito - Uganda,IDS_009,training
-1,training,16.039,Kizito - Uganda,IDS_009,training
1,IDS,16.458,Kizito - Uganda,IDS_009,IDS_1
2,ADS,16.557,Kizito - Uganda,IDS_009,ADS_1
3,IDS,10.519,Kizito - Uganda,IDS_009,IDS_2
4,ADS,13.38,Kizito - Uganda,IDS_009,ADS_2
5,ADS,13.062,Kizito - Uganda,IDS_009,ADS_3
6,IDS,15.9,Kizito - Uganda,IDS_009,IDS_3
7,IDS,5.196,Kizito - Uganda,IDS_009,IDS_4
8,ADS,3.273,Kizito - Uganda,IDS_009,ADS_4
9,ADS,2.617,Kizito - Uganda,IDS_009,ADS_5
10,IDS,2.014,Kizito - Uganda,IDS_009,IDS_5
11,ADS,2.176,Kizito - Uganda,IDS_009,ADS_6
12,IDS,2.631,Kizito - Uganda,IDS_009,IDS_6
13,IDS,7.489,Kizito - Uganda,IDS_009,IDS_7
14,ADS,4.211,Kizito - Uganda,IDS_009,ADS_7
-2,training,6.129,Kizito - Uganda,IDS_011,training
-1,training,3.505,Kizito - Uganda,IDS_011,training
1,IDS,2.121,Kizito - Uganda,IDS_011,IDS_1
2,ADS,3.022,Kizito - Uganda,IDS_011,ADS_1
3,IDS,16.602,Kizito - Uganda,IDS_011,IDS_2
4,ADS,9.37,Kizito - Uganda,IDS_011,ADS_2
5,ADS,4.212,Kizito - Uganda,IDS_011,ADS_3
6,IDS,0.722,Kizito - Uganda,IDS_011,IDS_3
7,IDS,3.835,Kizito - Uganda,IDS_011,IDS_4
8,ADS,1.162,Kizito - Uganda,IDS_011,ADS_4
9,ADS,7.08,Kizito - Uganda,IDS_011,ADS_5
10,IDS,6.535,Kizito - Uganda,IDS_011,IDS_5
11,ADS,2.753,Kizito - Uganda,IDS_011,ADS_6
12,IDS,3.239,Kizito - Uganda,IDS_011,IDS_6
13,IDS,8.217,Kizito - Uganda,IDS_011,IDS_7
-2,training,2.651,Kizito - Uganda,IDS_012,training
-1,training,13.493,Kizito - Uganda,IDS_012,training
1,IDS,13.448,Kizito - Uganda,IDS_012,IDS_1
2,ADS,15.002,Kizito - Uganda,IDS_012,ADS_1
3,IDS,5.294,Kizito - Uganda,IDS_012,IDS_2
4,ADS,3.63,Kizito - Uganda,IDS_012,ADS_2
5,ADS,14.108,Kizito - Uganda,IDS_012,ADS_3
6,IDS,6.507,Kizito - Uganda,IDS_012,IDS_3
7,IDS,14.848,Kizito - Uganda,IDS_012,IDS_4
8,ADS,13.229,Kizito - Uganda,IDS_012,ADS_4
9,ADS,9.901,Kizito - Uganda,IDS_012,ADS_5
10,IDS,13.763,Kizito - Uganda,IDS_012,IDS_5
11,ADS,17.071,Kizito - Uganda,IDS_012,ADS_6
12,IDS,16.774,Kizito - Uganda,IDS_012,IDS_6
13,IDS,8.303,Kizito - Uganda,IDS_012,IDS_7
14,ADS,2.792,Kizito - Uganda,IDS_012,ADS_7
15,ADS,0.173,Kizito - Uganda,IDS_012,ADS_8
-2,training,11.286,Kizito - Uganda,IDS_013,training
-1,training,8.334,Kizito - Uganda,IDS_013,training
1,IDS,6.321,Kizito - Uganda,IDS_013,IDS_1
2,ADS,5.448,Kizito - Uganda,IDS_013,ADS_1
3,IDS,2.807,Kizito - Uganda,IDS_013,IDS_2
4,ADS,1.467,Kizito - Uganda,IDS_013,ADS_2
5,ADS,9.607,Kizito - Uganda,IDS_013,ADS_3
6,IDS,2.619,Kizito - Uganda,IDS_013,IDS_3
7,IDS,6.612,Kizito - Uganda,IDS_013,IDS_4
8,ADS,8.922,Kizito - Uganda,IDS_013,ADS_4
9,ADS,2.285,Kizito - Uganda,IDS_013,ADS_5
10,IDS,5.679,Kizito - Uganda,IDS_013,IDS_5
11,ADS,10.552,Kizito - Uganda,IDS_013,ADS_6
12,IDS,5.149,Kizito - Uganda,IDS_013,IDS_6
13,IDS,6.946,Kizito - Uganda,IDS_013,IDS_7
14,ADS,0.783,Kizito - Uganda,IDS_013,ADS_7
-2,training,9.233,Kizito - Uganda,IDS_015,training
-1,training,5.83,Kizito - Uganda,IDS_015,training
1,IDS,10.179,Kizito - Uganda,IDS_015,IDS_1
2,ADS,4.058,Kizito - Uganda,IDS_015,ADS_1
3,IDS,2.003,Kizito - Uganda,IDS_015,IDS_2
4,ADS,1.117,Kizito - Uganda,IDS_015,ADS_2
5,ADS,4.614,Kizito - Uganda,IDS_015,ADS_3
6,IDS,3.821,Kizito - Uganda,IDS_015,IDS_3
7,IDS,5.333,Kizito - Uganda,IDS_015,IDS_4
8,ADS,6.881,Kizito - Uganda,IDS_015,ADS_4
9,ADS,3.931,Kizito - Uganda,IDS_015,ADS_5
10,IDS,4.858,Kizito - Uganda,IDS_015,IDS_5
11,ADS,2.591,Kizito - Uganda,IDS_015,ADS_6
12,IDS,1.804,Kizito - Uganda,IDS_015,IDS_6
13,IDS,8.251,Kizito - Uganda,IDS_015,IDS_7
14,ADS,4.979,Kizito - Uganda,IDS_015,ADS_7
-2,training,15.036,Kizito - Uganda,IDS_016,training
-1,training,15.595,Kizito - Uganda,IDS_016,training
1,IDS,13.715,Kizito - Uganda,IDS_016,IDS_1
2,ADS,6.099,Kizito - Uganda,IDS_016,ADS_1
3,IDS,9.153,Kizito - Uganda,IDS_016,IDS_2
4,ADS,12.739,Kizito - Uganda,IDS_016,ADS_2
5,ADS,8.936,Kizito - Uganda,IDS_016,ADS_3
6,IDS,7.676,Kizito - Uganda,IDS_016,IDS_3
7,IDS,4.694,Kizito - Uganda,IDS_016,IDS_4
8,ADS,14.722,Kizito - Uganda,IDS_016,ADS_4
9,ADS,15.053,Kizito - Uganda,IDS_016,ADS_5
10,IDS,16.21,Kizito - Uganda,IDS_016,IDS_5
11,ADS,3.708,Kizito - Uganda,IDS_016,ADS_6
12,IDS,17.357,Kizito - Uganda,IDS_016,IDS_6
13,IDS,13.145,Kizito - Uganda,IDS_016,IDS_7
14,ADS,4.466,Kizito - Uganda,IDS_016,ADS_7
-2,training,5.127,Kizito - Uganda,IDS_017,training
-1,training,2.641,Kizito - Uganda,IDS_017,training
1,IDS,7.968,Kizito - Uganda,IDS_017,IDS_1
2,ADS,5.588,Kizito - Uganda,IDS_017,ADS_1
3,IDS,9.522,Kizito - Uganda,IDS_017,IDS_2
-2,training,13.288,Kizito - Uganda,IDS_018,training
-1,training,8.237,Kizito - Uganda,IDS_018,training
1,IDS,16.122,Kizito - Uganda,IDS_018,IDS_1
2,ADS,9.859,Kizito - Uganda,IDS_018,ADS_1
3,IDS,9.433,Kizito - Uganda,IDS_018,IDS_2
4,ADS,4.388,Kizito - Uganda,IDS_018,ADS_2
5,ADS,4.064,Kizito - Uganda,IDS_018,ADS_3
6,IDS,12.733,Kizito - Uganda,IDS_018,IDS_3
7,IDS,13.311,Kizito - Uganda,IDS_018,IDS_4
8,ADS,8.237,Kizito - Uganda,IDS_018,ADS_4
9,ADS,2.308,Kizito - Uganda,IDS_018,ADS_5
10,IDS,9.794,Kizito - Uganda,IDS_018,IDS_5
11,ADS,2.84,Kizito - Uganda,IDS_018,ADS_6
12,IDS,5.942,Kizito - Uganda,IDS_018,IDS_6
13,IDS,6.758,Kizito - Uganda,IDS_018,IDS_7
14,ADS,6.25,Kizito - Uganda,IDS_018,ADS_7
15,ADS,0.169,Kizito - Uganda,IDS_018,ADS_8
-2,training,12.075,Kizito - Uganda,IDS_019,training
-1,training,13.866,Kizito - Uganda,IDS_019,training
1,IDS,12.314,Kizito - Uganda,IDS_019,IDS_1
2,ADS,5.31,Kizito - Uganda,IDS_019,ADS_1
3,IDS,7.837,Kizito - Uganda,IDS_019,IDS_2
4,ADS,5.391,Kizito - Uganda,IDS_019,ADS_2
5,ADS,3.301,Kizito - Uganda,IDS_019,ADS_3
6,IDS,15.944,Kizito - Uganda,IDS_019,IDS_3
7,IDS,16.915,Kizito - Uganda,IDS_019,IDS_4
8,ADS,10.566,Kizito - Uganda,IDS_019,ADS_4
9,ADS,15.002,Kizito - Uganda,IDS_019,ADS_5
10,IDS,12.117,Kizito - Uganda,IDS_019,IDS_5
11,ADS,9.225,Kizito - Uganda,IDS_019,ADS_6
12,IDS,8.244,Kizito - Uganda,IDS_019,IDS_6
13,IDS,8.401,Kizito - Uganda,IDS_019,IDS_7
14,ADS,7.072,Kizito - Uganda,IDS_019,ADS_7
-2,training,14.503,Kizito - Uganda,IDS_020,training
-1,training,17.896,Kizito - Uganda,IDS_020,training
1,IDS,15.372,Kizito - Uganda,IDS_020,IDS_1
2,ADS,6.72,Kizito - Uganda,IDS_020,ADS_1
3,IDS,15.763,Kizito - Uganda,IDS_020,IDS_2
4,ADS,7.02,Kizito - Uganda,IDS_020,ADS_2
5,ADS,4.991,Kizito - Uganda,IDS_020,ADS_3
6,IDS,3.287,Kizito - Uganda,IDS_020,IDS_3
7,IDS,5.834,Kizito - Uganda,IDS_020,IDS_4
8,ADS,3.523,Kizito - Uganda,IDS_020,ADS_4
9,ADS,6.516,Kizito - Uganda,IDS_020,ADS_5
10,IDS,4.152,Kizito - Uganda,IDS_020,IDS_5
-2,training,17.769,Kizito - Uganda,IDS_021,training
-1,training,17.832,Kizito - Uganda,IDS_021,training
1,IDS,17.965,Kizito - Uganda,IDS_021,IDS_1
2,ADS,5.414,Kizito - Uganda,IDS_021,ADS_1
3,IDS,8.618,Kizito - Uganda,IDS_021,IDS_2
4,ADS,7.818,Kizito - Uganda,IDS_021,ADS_2
5,ADS,2.993,Kizito - Uganda,IDS_021,ADS_3
6,IDS,17.742,Kizito - Uganda,IDS_021,IDS_3
7,IDS,17.788,Kizito - Uganda,IDS_021,IDS_4
8,ADS,5.523,Kizito - Uganda,IDS_021,ADS_4
9,ADS,17.373,Kizito - Uganda,IDS_021,ADS_5
10,IDS,7.068,Kizito - Uganda,IDS_021,IDS_5
11,ADS,4.678,Kizito - Uganda,IDS_021,ADS_6
12,IDS,6.917,Kizito - Uganda,IDS_021,IDS_6
13,IDS,8.249,Kizito - Uganda,IDS_021,IDS_7
14,ADS,2.367,Kizito - Uganda,IDS_021,ADS_7
-2,training,8.534,Kizito - Uganda,IDS_022,training
-1,training,15.285,Kizito - Uganda,IDS_022,training
1,IDS,16.135,Kizito - Uganda,IDS_022,IDS_1
2,ADS,16.13,Kizito - Uganda,IDS_022,ADS_1
3,IDS,9.098,Kizito - Uganda,IDS_022,IDS_2
4,ADS,10.034,Kizito - Uganda,IDS_022,ADS_2
5,ADS,10.304,Kizito - Uganda,IDS_022,ADS_3
6,IDS,4.151,Kizito - Uganda,IDS_022,IDS_3
7,IDS,4.744,Kizito - Uganda,IDS_022,IDS_4
8,ADS,11.243,Kizito - Uganda,IDS_022,ADS_4
9,ADS,14.352,Kizito - Uganda,IDS_022,ADS_5
10,IDS,1.429,Kizito - Uganda,IDS_022,IDS_5
11,ADS,3.724,Kizito - Uganda,IDS_022,ADS_6
12,IDS,4.74,Kizito - Uganda,IDS_022,IDS_6
13,IDS,7.523,Kizito - Uganda,IDS_022,IDS_7
14,ADS,6.778,Kizito - Uganda,IDS_022,ADS_7
-2,training,14.016,Kizito - Uganda,IDS_023,training
-1,training,5.218,Kizito - Uganda,IDS_023,training
1,IDS,14.566,Kizito - Uganda,IDS_023,IDS_1
2,ADS,4.57,Kizito - Uganda,IDS_023,ADS_1
3,IDS,7.597,Kizito - Uganda,IDS_023,IDS_2
4,ADS,7.082,Kizito - Uganda,IDS_023,ADS_2
5,ADS,14.25,Kizito - Uganda,IDS_023,ADS_3
6,IDS,5.978,Kizito - Uganda,IDS_023,IDS_3
7,IDS,1.887,Kizito - Uganda,IDS_023,IDS_4
8,ADS,3.132,Kizito - Uganda,IDS_023,ADS_4
9,ADS,0.819,Kizito - Uganda,IDS_023,ADS_5
10,IDS,3.416,Kizito - Uganda,IDS_023,IDS_5
11,ADS,2.631,Kizito - Uganda,IDS_023,ADS_6
12,IDS,5.521,Kizito - Uganda,IDS_023,IDS_6
13,IDS,8.744,Kizito - Uganda,IDS_023,IDS_7
14,ADS,3.515,Kizito - Uganda,IDS_023,ADS_7
15,ADS,4.993,Kizito - Uganda,IDS_023,ADS_8
-2,training,16.174,Kizito - Uganda,IDS_024,training
-1,training,8.181,Kizito - Uganda,IDS_024,training
1,IDS,17.596,Kizito - Uganda,IDS_024,IDS_1
2,ADS,11.248,Kizito - Uganda,IDS_024,ADS_1
3,IDS,17.7,Kizito - Uganda,IDS_024,IDS_2
4,ADS,9.675,Kizito - Uganda,IDS_024,ADS_2
5,ADS,6.246,Kizito - Uganda,IDS_024,ADS_3
6,IDS,4.084,Kizito - Uganda,IDS_024,IDS_3
7,IDS,5.349,Kizito - Uganda,IDS_024,IDS_4
8,ADS,5.511,Kizito - Uganda,IDS_024,ADS_4
9,ADS,8.874,Kizito - Uganda,IDS_024,ADS_5
10,IDS,11.655,Kizito - Uganda,IDS_024,IDS_5
11,ADS,4.672,Kizito - Uganda,IDS_024,ADS_6
12,IDS,7.046,Kizito - Uganda,IDS_024,IDS_6
13,IDS,2.83,Kizito - Uganda,IDS_024,IDS_7
14,ADS,0.864,Kizito - Uganda,IDS_024,ADS_7
15,ADS,1.182,Kizito - Uganda,IDS_024,ADS_8
-2,training,15.796,Kizito - Uganda,IDS_027,training
-1,training,15.66,Kizito - Uganda,IDS_027,training
1,IDS,15.787,Kizito - Uganda,IDS_027,IDS_1
2,ADS,16.079,Kizito - Uganda,IDS_027,ADS_1
3,IDS,16.072,Kizito - Uganda,IDS_027,IDS_2
4,ADS,15.86,Kizito - Uganda,IDS_027,ADS_2
5,ADS,13.523,Kizito - Uganda,IDS_027,ADS_3
6,IDS,17.254,Kizito - Uganda,IDS_027,IDS_3
7,IDS,9.182,Kizito - Uganda,IDS_027,IDS_4
8,ADS,4.1,Kizito - Uganda,IDS_027,ADS_4
9,ADS,18,Kizito - Uganda,IDS_027,ADS_5
10,IDS,12.618,Kizito - Uganda,IDS_027,IDS_5
11,ADS,6.191,Kizito - Uganda,IDS_027,ADS_6
12,IDS,8.882,Kizito - Uganda,IDS_027,IDS_6
13,IDS,5.553,Kizito - Uganda,IDS_027,IDS_7
14,ADS,4.584,Kizito - Uganda,IDS_027,ADS_7
-2,training,13.169,Kizito - Uganda,IDS_028,training
-1,training,14.501,Kizito - Uganda,IDS_028,training
1,IDS,13.475,Kizito - Uganda,IDS_028,IDS_1
2,ADS,6.171,Kizito - Uganda,IDS_028,ADS_1
3,IDS,6.94,Kizito - Uganda,IDS_028,IDS_2
4,ADS,13.664,Kizito - Uganda,IDS_028,ADS_2
5,ADS,14.996,Kizito - Uganda,IDS_028,ADS_3
6,IDS,12.994,Kizito - Uganda,IDS_028,IDS_3
7,IDS,7.104,Kizito - Uganda,IDS_028,IDS_4
8,ADS,5.878,Kizito - Uganda,IDS_028,ADS_4
9,ADS,11.579,Kizito - Uganda,IDS_028,ADS_5
10,IDS,10.838,Kizito - Uganda,IDS_028,IDS_5
11,ADS,5.282,Kizito - Uganda,IDS_028,ADS_6
12,IDS,12.367,Kizito - Uganda,IDS_028,IDS_6
13,IDS,16.381,Kizito - Uganda,IDS_028,IDS_7
14,ADS,6.604,Kizito - Uganda,IDS_028,ADS_7
-2,training,17.752,Kizito - Uganda,IDS_029,training
-1,training,17.78,Kizito - Uganda,IDS_029,training
1,IDS,16.282,Kizito - Uganda,IDS_029,IDS_1
2,ADS,16.348,Kizito - Uganda,IDS_029,ADS_1
3,IDS,3.266,Kizito - Uganda,IDS_029,IDS_2
4,ADS,16.462,Kizito - Uganda,IDS_029,ADS_2
5,ADS,6.967,Kizito - Uganda,IDS_029,ADS_3
6,IDS,9.402,Kizito - Uganda,IDS_029,IDS_3
7,IDS,2.165,Kizito - Uganda,IDS_029,IDS_4
8,ADS,14.045,Kizito - Uganda,IDS_029,ADS_4
9,ADS,3.526,Kizito - Uganda,IDS_029,ADS_5
10,IDS,5.424,Kizito - Uganda,IDS_029,IDS_5
11,ADS,7.382,Kizito - Uganda,IDS_029,ADS_6
12,IDS,10.384,Kizito - Uganda,IDS_029,IDS_6
13,IDS,3.128,Kizito - Uganda,IDS_029,IDS_7
14,ADS,1.944,Kizito - Uganda,IDS_029,ADS_7
-2,training,11.669,Kizito - Uganda,IDS_030,training
-1,training,9.023,Kizito - Uganda,IDS_030,training
1,IDS,3.37,Kizito - Uganda,IDS_030,IDS_1
2,ADS,10.079,Kizito - Uganda,IDS_030,ADS_1
3,IDS,8.196,Kizito - Uganda,IDS_030,IDS_2
4,ADS,2.754,Kizito - Uganda,IDS_030,ADS_2
5,ADS,1.906,Kizito - Uganda,IDS_030,ADS_3
6,IDS,7.409,Kizito - Uganda,IDS_030,IDS_3
7,IDS,5.669,Kizito - Uganda,IDS_030,IDS_4
8,ADS,0.469,Kizito - Uganda,IDS_030,ADS_4
9,ADS,1.96,Kizito - Uganda,IDS_030,ADS_5
10,IDS,0.956,Kizito - Uganda,IDS_030,IDS_5
11,ADS,2.746,Kizito - Uganda,IDS_030,ADS_6
12,IDS,1.481,Kizito - Uganda,IDS_030,IDS_6
13,IDS,0.947,Kizito - Uganda,IDS_030,IDS_7
-2,training,17.836,Kizito - Uganda,IDS_031,training
-1,training,1.857,Kizito - Uganda,IDS_031,training
1,IDS,13.42,Kizito - Uganda,IDS_031,IDS_1
2,ADS,5.686,Kizito - Uganda,IDS_031,ADS_1
3,IDS,6.597,Kizito - Uganda,IDS_031,IDS_2
4,ADS,2.362,Kizito - Uganda,IDS_031,ADS_2
5,ADS,0.746,Kizito - Uganda,IDS_031,ADS_3
6,IDS,2.81,Kizito - Uganda,IDS_031,IDS_3
7,IDS,3.236,Kizito - Uganda,IDS_031,IDS_4
8,ADS,2.609,Kizito - Uganda,IDS_031,ADS_4
9,ADS,7.839,Kizito - Uganda,IDS_031,ADS_5
-2,training,16.692,Kizito - Uganda,IDS_032,training
-1,training,5.557,Kizito - Uganda,IDS_032,training
1,IDS,13.058,Kizito - Uganda,IDS_032,IDS_1
2,ADS,9.396,Kizito - Uganda,IDS_032,ADS_1
3,IDS,10.282,Kizito - Uganda,IDS_032,IDS_2
4,ADS,4.215,Kizito - Uganda,IDS_032,ADS_2
5,ADS,3.789,Kizito - Uganda,IDS_032,ADS_3
6,IDS,1.96,Kizito - Uganda,IDS_032,IDS_3
7,IDS,4.078,Kizito - Uganda,IDS_032,IDS_4
8,ADS,5.081,Kizito - Uganda,IDS_032,ADS_4
9,ADS,6.582,Kizito - Uganda,IDS_032,ADS_5
-2,training,15.444,Kizito - Uganda,IDS_033,training
-1,training,5.89,Kizito - Uganda,IDS_033,training
1,IDS,5.778,Kizito - Uganda,IDS_033,IDS_1
2,ADS,4.892,Kizito - Uganda,IDS_033,ADS_1
3,IDS,9.39,Kizito - Uganda,IDS_033,IDS_2
4,ADS,10.601,Kizito - Uganda,IDS_033,ADS_2
5,ADS,15.69,Kizito - Uganda,IDS_033,ADS_3
6,IDS,11.723,Kizito - Uganda,IDS_033,IDS_3
7,IDS,15.63,Kizito - Uganda,IDS_033,IDS_4
8,ADS,13.837,Kizito - Uganda,IDS_033,ADS_4
9,ADS,4.225,Kizito - Uganda,IDS_033,ADS_5
10,IDS,15.403,Kizito - Uganda,IDS_033,IDS_5
11,ADS,14.04,Kizito - Uganda,IDS_033,ADS_6
12,IDS,7.669,Kizito - Uganda,IDS_033,IDS_6
13,IDS,8.102,Kizito - Uganda,IDS_033,IDS_7
14,ADS,12.787,Kizito - Uganda,IDS_033,ADS_7
-2,training,12.449,Kizito - Uganda,IDS_034,training
-1,training,9.783,Kizito - Uganda,IDS_034,training
1,IDS,6.754,Kizito - Uganda,IDS_034,IDS_1
2,ADS,9.339,Kizito - Uganda,IDS_034,ADS_1
3,IDS,11.49,Kizito - Uganda,IDS_034,IDS_2
4,ADS,12.624,Kizito - Uganda,IDS_034,ADS_2
5,ADS,6.121,Kizito - Uganda,IDS_034,ADS_3
6,IDS,12.886,Kizito - Uganda,IDS_034,IDS_3
7,IDS,3.823,Kizito - Uganda,IDS_034,IDS_4
8,ADS,12.782,Kizito - Uganda,IDS_034,ADS_4
9,ADS,13.646,Kizito - Uganda,IDS_034,ADS_5
10,IDS,13.267,Kizito - Uganda,IDS_034,IDS_5
11,ADS,5.137,Kizito - Uganda,IDS_034,ADS_6
12,IDS,13.399,Kizito - Uganda,IDS_034,IDS_6
13,IDS,11.812,Kizito - Uganda,IDS_034,IDS_7
14,ADS,13.447,Kizito - Uganda,IDS_034,ADS_7
-2,training,15.341,Kizito - Uganda,IDS_035,training
-1,training,7.346,Kizito - Uganda,IDS_035,training
1,IDS,15.345,Kizito - Uganda,IDS_035,IDS_1
2,ADS,9.217,Kizito - Uganda,IDS_035,ADS_1
3,IDS,9.423,Kizito - Uganda,IDS_035,IDS_2
4,ADS,7.011,Kizito - Uganda,IDS_035,ADS_2
5,ADS,6.707,Kizito - Uganda,IDS_035,ADS_3
6,IDS,7.002,Kizito - Uganda,IDS_035,IDS_3
7,IDS,5.277,Kizito - Uganda,IDS_035,IDS_4
8,ADS,2.208,Kizito - Uganda,IDS_035,ADS_4
9,ADS,1.78,Kizito - Uganda,IDS_035,ADS_5
-2,training,12.961,Kizito - Uganda,IDS_037,training
-1,training,10.333,Kizito - Uganda,IDS_037,training
1,ADS,6.112,Kizito - Uganda,IDS_037,ADS_1
2,ADS,13.169,Kizito - Uganda,IDS_037,ADS_2
3,ADS,10.625,Kizito - Uganda,IDS_037,ADS_3
4,ADS,12.041,Kizito - Uganda,IDS_037,ADS_4
5,ADS,5.784,Kizito - Uganda,IDS_037,ADS_5
6,ADS,5.093,Kizito - Uganda,IDS_037,ADS_6
7,ADS,3.95,Kizito - Uganda,IDS_037,ADS_7
-1,training,10.304,Kizito - Uganda,IDS_039,training
1,ADS,14.53,Kizito - Uganda,IDS_039,ADS_1
2,ADS,5.12,Kizito - Uganda,IDS_039,ADS_2
3,ADS,2.843,Kizito - Uganda,IDS_039,ADS_3
4,ADS,2.669,Kizito - Uganda,IDS_039,ADS_4
5,ADS,7.514,Kizito - Uganda,IDS_039,ADS_5
-2,training,12.028,Kizito - Uganda,IDS_041,training
-1,training,12.999,Kizito - Uganda,IDS_041,training
1,ADS,5.874,Kizito - Uganda,IDS_041,ADS_1
2,ADS,6.786,Kizito - Uganda,IDS_041,ADS_2
3,ADS,9.75,Kizito - Uganda,IDS_041,ADS_3
4,ADS,3.074,Kizito - Uganda,IDS_041,ADS_4
5,ADS,4.81,Kizito - Uganda,IDS_041,ADS_5
6,ADS,5.487,Kizito - Uganda,IDS_041,ADS_6
7,ADS,2.098,Kizito - Uganda,IDS_041,ADS_7
8,ADS,3.002,Kizito - Uganda,IDS_041,ADS_8
9,IDS,2.693,Kizito - Uganda,IDS_041,IDS_1
10,IDS,2.009,Kizito - Uganda,IDS_041,IDS_2
11,IDS,3.029,Kizito - Uganda,IDS_041,IDS_3
12,IDS,7.614,Kizito - Uganda,IDS_041,IDS_4
13,IDS,3.825,Kizito - Uganda,IDS_041,IDS_5
14,IDS,0.941,Kizito - Uganda,IDS_041,IDS_6
-2,training,3.532,Kizito - Uganda,IDS_042,training
-1,training,2.719,Kizito - Uganda,IDS_042,training
1,ADS,4.639,Kizito - Uganda,IDS_042,ADS_1
-2,training,4.404,Kizito - Uganda,IDS_043,training
-1,training,11.068,Kizito - Uganda,IDS_043,training
1,ADS,13.734,Kizito - Uganda,IDS_043,ADS_1
2,ADS,11.705,Kizito - Uganda,IDS_043,ADS_2
3,ADS,8.079,Kizito - Uganda,IDS_043,ADS_3
4,ADS,16.614,Kizito - Uganda,IDS_043,ADS_4
5,ADS,7.48,Kizito - Uganda,IDS_043,ADS_5
6,ADS,7.952,Kizito - Uganda,IDS_043,ADS_6
7,ADS,2.893,Kizito - Uganda,IDS_043,ADS_7
8,ADS,3.43,Kizito - Uganda,IDS_043,ADS_8
9,IDS,4.026,Kizito - Uganda,IDS_043,IDS_1
-2,training,14.997,Kizito - Uganda,IDS_044,training
-1,training,15.743,Kizito - Uganda,IDS_044,training
1,ADS,15.198,Kizito - Uganda,IDS_044,ADS_1
2,ADS,7.04,Kizito - Uganda,IDS_044,ADS_2
3,ADS,15.915,Kizito - Uganda,IDS_044,ADS_3
4,ADS,13.23,Kizito - Uganda,IDS_044,ADS_4
5,ADS,15.38,Kizito - Uganda,IDS_044,ADS_5
6,ADS,11.102,Kizito - Uganda,IDS_044,ADS_6
7,ADS,7.725,Kizito - Uganda,IDS_044,ADS_7
8,ADS,7.939,Kizito - Uganda,IDS_044,ADS_8
9,IDS,17.802,Kizito - Uganda,IDS_044,IDS_1
10,IDS,15.37,Kizito - Uganda,IDS_044,IDS_2
11,IDS,5.171,Kizito - Uganda,IDS_044,IDS_3
12,IDS,6.437,Kizito - Uganda,IDS_044,IDS_4
13,IDS,15.029,Kizito - Uganda,IDS_044,IDS_5
-2,training,14.556,Kizito - Uganda,IDS_045,training
-1,training,7.875,Kizito - Uganda,IDS_045,training
1,ADS,4.02,Kizito - Uganda,IDS_045,ADS_1
2,ADS,3.516,Kizito - Uganda,IDS_045,ADS_2
3,ADS,7.174,Kizito - Uganda,IDS_045,ADS_3
4,ADS,3.715,Kizito - Uganda,IDS_045,ADS_4
5,ADS,4.375,Kizito - Uganda,IDS_045,ADS_5
6,ADS,3.697,Kizito - Uganda,IDS_045,ADS_6
7,ADS,2.882,Kizito - Uganda,IDS_045,ADS_7
8,ADS,5.499,Kizito - Uganda,IDS_045,ADS_8
9,IDS,4.386,Kizito - Uganda,IDS_045,IDS_1
10,IDS,4.055,Kizito - Uganda,IDS_045,IDS_2
11,IDS,7.197,Kizito - Uganda,IDS_045,IDS_3
12,IDS,4.15,Kizito - Uganda,IDS_045,IDS_4
-2,training,13.699,Kizito - Uganda,IDS_046,training
-1,training,3.739,Kizito - Uganda,IDS_046,training
1,ADS,5.627,Kizito - Uganda,IDS_046,ADS_1
2,ADS,10.632,Kizito - Uganda,IDS_046,ADS_2
3,ADS,2.332,Kizito - Uganda,IDS_046,ADS_3
4,ADS,9.261,Kizito - Uganda,IDS_046,ADS_4
5,ADS,13.518,Kizito - Uganda,IDS_046,ADS_5
6,ADS,13.455,Kizito - Uganda,IDS_046,ADS_6
7,ADS,12.403,Kizito - Uganda,IDS_046,ADS_7
8,ADS,17.117,Kizito - Uganda,IDS_046,ADS_8
9,IDS,6.225,Kizito - Uganda,IDS_046,IDS_1
10,IDS,6.563,Kizito - Uganda,IDS_046,IDS_2
11,IDS,6.349,Kizito - Uganda,IDS_046,IDS_3
12,IDS,12.683,Kizito - Uganda,IDS_046,IDS_4
13,IDS,13.348,Kizito - Uganda,IDS_046,IDS_5
14,IDS,3.353,Kizito - Uganda,IDS_046,IDS_6
-2,training,15.455,Kizito - Uganda,IDS_047,training
-1,training,13.051,Kizito - Uganda,IDS_047,training
1,ADS,14.999,Kizito - Uganda,IDS_047,ADS_1
2,ADS,10.844,Kizito - Uganda,IDS_047,ADS_2
3,ADS,7.548,Kizito - Uganda,IDS_047,ADS_3
4,ADS,15.504,Kizito - Uganda,IDS_047,ADS_4
5,ADS,11.621,Kizito - Uganda,IDS_047,ADS_5
6,ADS,4.16,Kizito - Uganda,IDS_047,ADS_6
7,ADS,4.344,Kizito - Uganda,IDS_047,ADS_7
8,ADS,4.393,Kizito - Uganda,IDS_047,ADS_8
9,IDS,4.019,Kizito - Uganda,IDS_047,IDS_1
10,IDS,3.67,Kizito - Uganda,IDS_047,IDS_2
11,IDS,7.593,Kizito - Uganda,IDS_047,IDS_3
12,IDS,2.246,Kizito - Uganda,IDS_047,IDS_4
-2,training,15.135,Kizito - Uganda,IDS_048,training
-1,training,15.994,Kizito - Uganda,IDS_048,training
1,ADS,18.001,Kizito - Uganda,IDS_048,ADS_1
2,ADS,7.849,Kizito - Uganda,IDS_048,ADS_2
3,ADS,11.109,Kizito - Uganda,IDS_048,ADS_3
4,ADS,2.268,Kizito - Uganda,IDS_048,ADS_4
5,ADS,17.533,Kizito - Uganda,IDS_048,ADS_5
6,ADS,17.836,Kizito - Uganda,IDS_048,ADS_6
7,ADS,2.781,Kizito - Uganda,IDS_048,ADS_7
8,ADS,5.533,Kizito - Uganda,IDS_048,ADS_8
9,IDS,14.145,Kizito - Uganda,IDS_048,IDS_1
10,IDS,2.988,Kizito - Uganda,IDS_048,IDS_2
11,IDS,14.575,Kizito - Uganda,IDS_048,IDS_3
12,IDS,6.401,Kizito - Uganda,IDS_048,IDS_4
13,IDS,7.043,Kizito - Uganda,IDS_048,IDS_5
14,IDS,0.262,Kizito - Uganda,IDS_048,IDS_6
-2,training,6.083,Kizito - Uganda,IDS_049,training
-1,training,6.145,Kizito - Uganda,IDS_049,training
1,ADS,7.214,Kizito - Uganda,IDS_049,ADS_1
2,ADS,2.715,Kizito - Uganda,IDS_049,ADS_2
3,ADS,7.136,Kizito - Uganda,IDS_049,ADS_3
4,ADS,2.042,Kizito - Uganda,IDS_049,ADS_4
5,ADS,16.14,Kizito - Uganda,IDS_049,ADS_5
6,ADS,6.891,Kizito - Uganda,IDS_049,ADS_6
7,ADS,8.768,Kizito - Uganda,IDS_049,ADS_7
8,ADS,1.745,Kizito - Uganda,IDS_049,ADS_8
9,IDS,1.567,Kizito - Uganda,IDS_049,IDS_1
10,IDS,7.068,Kizito - Uganda,IDS_049,IDS_2
-2,training,17.733,Kizito - Uganda,IDS_050,training
-1,training,17.885,Kizito - Uganda,IDS_050,training
1,ADS,3.051,Kizito - Uganda,IDS_050,ADS_1
2,ADS,17.114,Kizito - Uganda,IDS_050,ADS_2
3,ADS,8.635,Kizito - Uganda,IDS_050,ADS_3
4,ADS,9.897,Kizito - Uganda,IDS_050,ADS_4
5,ADS,14.297,Kizito - Uganda,IDS_050,ADS_5
6,ADS,1.999,Kizito - Uganda,IDS_050,ADS_6
7,ADS,14.067,Kizito - Uganda,IDS_050,ADS_7
8,ADS,14.083,Kizito - Uganda,IDS_050,ADS_8
9,IDS,6.355,Kizito - Uganda,IDS_050,IDS_1
10,IDS,5.31,Kizito - Uganda,IDS_050,IDS_2
11,IDS,7.591,Kizito - Uganda,IDS_050,IDS_3
12,IDS,5.477,Kizito - Uganda,IDS_050,IDS_4
13,IDS,9.383,Kizito - Uganda,IDS_050,IDS_5
14,IDS,2.227,Kizito - Uganda,IDS_050,IDS_6
